{"cameraMode":{"drawMode":0,"name":"Shaded","section":"Shading Mode"},"sceneLighting":true,"audioPlay":false,"sceneViewState":{"showFog":true,"showMaterialUpdate":false,"showSkybox":true,"showFlares":true,"showImageEffects":true,"showParticleSystems":true},"in2DMode":false,"pivot":{"x":7.5806169509887699,"y":-4.774605751037598,"z":74.96873474121094},"rotation":{"x":0.2637009024620056,"y":0.1448797881603241,"z":-0.04009675234556198,"w":0.9528204202651978},"size":35.21287155151367,"orthographic":false}