{"cameraMode":{"drawMode":0,"name":"Shaded","section":"Shading Mode"},"sceneLighting":true,"audioPlay":false,"sceneViewState":{"showFog":true,"showMaterialUpdate":false,"showSkybox":true,"showFlares":true,"showImageEffects":true,"showParticleSystems":true},"in2DMode":false,"pivot":{"x":1.494977593421936,"y":1.858072280883789,"z":-16.590774536132814},"rotation":{"x":-0.3123844563961029,"y":-0.004545044619590044,"z":0.0014906279975548387,"w":-0.9499586224555969},"size":12.290281295776368,"orthographic":false}