{"cameraMode":{"drawMode":0,"name":"Shaded","section":"Shading Mode"},"sceneLighting":true,"audioPlay":false,"sceneViewState":{"showFog":true,"showMaterialUpdate":false,"showSkybox":true,"showFlares":true,"showImageEffects":true,"showParticleSystems":true},"in2DMode":false,"pivot":{"x":2.623506546020508,"y":-8.555099487304688,"z":74.1626968383789},"rotation":{"x":-0.4103897213935852,"y":-0.479916512966156,"z":0.2711016535758972,"w":-0.7265003323554993},"size":41.50010681152344,"orthographic":false}